{

    "Poultry": "Aves",
    "Ruminant": "Ruminante",
    "Swine": "Suíno",
    "Nutrition": "Nutrição",
    "Aqua": "Aqua",
    "LastChannels": "Últimos canais",
    "FeaturedPodcasts": "Destaques",
    "GoToLibrary": "Ir ao canal",
    "DownloadPodcast": "Baixar Podcast",
    "Share": "Compartilhar",
    "AddToLibrary": "Adicionar à biblioteca",
    "FeaturedChannels": "Canais destacados",
    "CreateChannel": "Criar Canal",
    "CreateProfile": "Criar Perfil",
    "TrendingInterest": "Tendências de Interesse",

    "ExploreOurPodcast": "Explore nosso podcast",
    "Interests": "Interesses",
    "Cancel": "Cancelar",

    
    "Podcasts": "Podcasts",
    "Channels": "Canais",
    "Filter": "Filtros",

    "Play": "Escutar",

    "Welcome": "Bem-vindo",
    "Mobile": "Móvel",
    "Company": "Empresa",
    "Job": "Trabalho",
    "Activity": "Atividade",
    "Production": "Produção",
    "Details": "Detalhes",
    "EditProfile": "Editar Perfil",
    "ChangeInterest": "Atualizar interesses",
    "ChangeProducting": "Atualizar espécies",
    "seeAll": "Ver Tudo",
    "Download": "Baixar",
    "AddToMyLibrary": "Adicionar à minha biblioteca",
    "closesession": "Sair",


    "Name": "Nome",
    "Surname": "Sobrenome",
    "Phone": "Telefone",
    "Next":  "Próximo",

    "YourEmail": "Seu e-mail",
    "YourPassword": "Sua Senha",

    "ChooseYourJob": "Escolha seu trabalho",
    "ChooseYourActivity": "Escolha sua atividade",
    "ChooseYourLanguage": "Escolha seu idioma",
    "ChooseYourCountry": "Escolha seu país",

    "SelectYourSpecies": "Selecione sua Espécies",
    "SelectYourSpeciesDetails": "Select Your Species Detalhes",

    "Avicultura": "Avicultura",
    "SelectedJob": "Cargo selecionado",


    "Select5Interests": "Selecione 5 Interesses",
    "GoBack": "Volte",
    "YourLiabrary":"Sua biblioteca",

    "Register": "Cadastro",
    "Login": "Entrar",
    "Follow": "Seguir",

    "ActualName": "Nome Real",
    "ActualSurname": "Sobrenome Atual",
    "ActualCompany": "Empresa Real",
    "ActualMobilePhone": "Celular Real",
    "NewJob": "Novo Emprego",
    "NewActivity": "Nova Atividade",
    "NewLanguage": "Nova Linguagem",
    "NewCountry": "Novo País",
    "ForgotPassword": "Esqueceu a senha?",

    "Home": "Início",
    "Explore": "Explorar",
    "Library": "Biblioteca",
    "MyAgriFm": "MyagriFmGenericName",


    "youhavetologin":"Entre com sua conta ou registre-se para continuar...",
    "Update": "actualizar",
    "UnFollow": "deixar de seguir",
    "RemoveFromLibrary":"Remover da Biblioteca",
    "removeDownload" : "Remover dos downloads",
    "Youarelistening" : "Voce esta escutando",
    "Biosecurity": "Biossegurança",
    "Welfare": "Bem-estar",
    "YourInterest": "Seus interess",
    "channelofInterest":"Canais do seu interesse",
    "RelatedPodcast":"Podcasts relacionados"


}