{

    "Poultry": "Poultry",
    "Ruminant": "Rumninant",
    "Swine": "Swine",
    "Nutrition": "Nutrition",
    "Aqua": "Aqua",
    "LastChannels": "Last Channels",
    "FeaturedPodcasts": "Featured Podcasts",
    "GoToLibrary": "Go to Library",
    "DownloadPodcast": "Download Podcast",
    "Share": "Share",
    "AddToLibrary": "Add to Library",
    "FeaturedChannels": "Featured Channels",
    "CreateChannel": "Create Channel",
    "CreateProfile": "Create Profile",
    "TrendingInterest": "Trending Interest",
    "seeAll": "See All",


    "ExploreOurPodcast": "Explore our podcast",
    "Interests": "Interests",
    "SelectedJob": "Selected Job",

    "Podcasts": "Podcasts",
    "Channels": "Channels",
    "Filter": "Filter",
    "Play": "Play",
    "closesession": "Close Session",
    "Cancel": "Cancel",
"ForgotPassword":"Forgot Password",
    "Welcome": "Welcome",
    "Mobile": "Mobile",
    "Company": "Company",
    "Job": "Job",
    "Activity": "Activity",
    "Production": "Production",
    "Details": "Details",
    "EditProfile": "Edit Profile",
    "ChangeInterest": "Change Interest",
    "ChangeProducting": "Change Producting",
    "Update": "Update",

    "Download": "Download",
    "AddToMyLibrary": "Add to my library",

    "Name": "Name",
    "Surname": "Surname",
    "Phone": "Phone",
    "Next":  "Next",

    "YourEmail": "Your Email",
    "YourPassword": "Your Password",

    "ChooseYourJob": "Choose your job",
    "ChooseYourActivity": "Choose your activity",
    "ChooseYourLanguage": "Choose your language",
    "ChooseYourCountry": "Choose your country",
    "YourLiabrary":"Your Liabrary",
    "SelectYourSpecies": "Select Your Species",
    "SelectYourSpeciesDetails": "Select Your Species Details",

    
    "Avicultura": "Avicultura",

    "Select5Interests": "Select 5 Interests",
    "GoBack": "Go Back",

    "Register": "Register",
    "Login": "Login",
    "Follow": "Follow",

    "ActualName": "Actual Name",
    "ActualSurname": "Actual Surname",
    "ActualCompany": "Actual Company",
    "ActualMobilePhone": "Actual Mobile Phone",
    "NewJob": "New Job",
    "NewActivity": "New Activity",
    "NewLanguage": "New Language",
    "NewCountry": "New Country",

    "Home": "Home",
    "Explore": "Explore",
    "Library": "Library",
    "MyAgriFm": "MyAgriFm",
    "UnFollow": "UnFollow",
    "RemoveFromLibrary":"Remove from Library",
    "removeDownload" : "Remove from Downloads",
    "Youarelistening" : "You are listening",
    "Biosecurity": "Biosecurity",
    "Welfare": "Welfare",
    "YourInterest": "Your Interest",
    "channelofInterest":"Channel of Interest",
    "RelatedPodcast":"Related Podcast"

    




}